-- phpMyAdmin SQL Dump
-- version 4.2.11
-- http://www.phpmyadmin.net
--
-- Host: 127.0.0.1
-- Generation Time: 15-Maio-2015 às 13:36
-- Versão do servidor: 5.6.21
-- PHP Version: 5.6.3

SET SQL_MODE = "NO_AUTO_VALUE_ON_ZERO";
SET time_zone = "+00:00";


/*!40101 SET @OLD_CHARACTER_SET_CLIENT=@@CHARACTER_SET_CLIENT */;
/*!40101 SET @OLD_CHARACTER_SET_RESULTS=@@CHARACTER_SET_RESULTS */;
/*!40101 SET @OLD_COLLATION_CONNECTION=@@COLLATION_CONNECTION */;
/*!40101 SET NAMES utf8 */;

--
-- Database: `geo`
--

-- --------------------------------------------------------

--
-- Estrutura da tabela `city`
--

CREATE TABLE IF NOT EXISTS `city` (
`id` bigint(20) NOT NULL,
  `version` bigint(20) DEFAULT NULL,
  `name` varchar(64) NOT NULL,
  `population` int(11) DEFAULT NULL,
  `country_id` int(11) NOT NULL,
  `district_id` int(11) DEFAULT NULL
) ENGINE=InnoDB DEFAULT CHARSET=utf8;

-- --------------------------------------------------------

--
-- Estrutura da tabela `country`
--

CREATE TABLE IF NOT EXISTS `country` (
`id` int(11) NOT NULL,
  `version` bigint(20) DEFAULT NULL,
  `international_name` varchar(64) NOT NULL,
  `iso_3166_one_2` varchar(2) NOT NULL,
  `iso_3166_one_3` varchar(3) NOT NULL,
  `local_name` varchar(64) NOT NULL,
  `surface_area` double DEFAULT NULL,
  `region_id` smallint(6) NOT NULL
) ENGINE=InnoDB AUTO_INCREMENT=240 DEFAULT CHARSET=utf8;

--
-- Extraindo dados da tabela `country`
--

INSERT INTO `country` (`id`, `version`, `international_name`, `iso_3166_one_2`, `iso_3166_one_3`, `local_name`, `surface_area`, `region_id`) VALUES
(1, 1, 'Aruba', 'AW', 'ABW', 'Aruba', 193, 1),
(2, 1, 'Afghanistan', 'AF', 'AFG', 'Afganistan/Afqanestan', 652090, 2),
(3, 1, 'Angola', 'AO', 'AGO', 'Angola', 1246700, 3),
(4, 1, 'Anguilla', 'AI', 'AIA', 'Anguilla', 96, 1),
(5, 1, 'Albania', 'AL', 'ALB', 'Shqipëria', 28748, 4),
(6, 1, 'Andorra', 'AD', 'AND', 'Andorra', 468, 4),
(7, 1, 'Netherlands Antilles', 'AN', 'ANT', 'Nederlandse Antillen', 800, 1),
(8, 1, 'United Arab Emirates', 'AE', 'ARE', 'Al-Imarat al-´Arabiya al-Muttahida', 83600, 5),
(9, 1, 'Argentina', 'AR', 'ARG', 'Argentina', 2780400, 6),
(10, 1, 'Armenia', 'AM', 'ARM', 'Hajastan', 29800, 5),
(11, 1, 'American Samoa', 'AS', 'ASM', 'Amerika Samoa', 199, 7),
(12, 1, 'Antarctica', 'AQ', 'ATA', '–', 13120000, 8),
(13, 1, 'French Southern territories', 'TF', 'ATF', 'Terres australes françaises', 7780, 8),
(14, 1, 'Antigua and Barbuda', 'AG', 'ATG', 'Antigua and Barbuda', 442, 1),
(15, 1, 'Australia', 'AU', 'AUS', 'Australia', 7741220, 9),
(16, 1, 'Austria', 'AT', 'AUT', 'Österreich', 83859, 10),
(17, 1, 'Azerbaijan', 'AZ', 'AZE', 'Azärbaycan', 86600, 5),
(18, 1, 'Burundi', 'BI', 'BDI', 'Burundi/Uburundi', 27834, 11),
(19, 1, 'Belgium', 'BE', 'BEL', 'België/Belgique', 30518, 10),
(20, 1, 'Benin', 'BJ', 'BEN', 'Bénin', 112622, 12),
(21, 1, 'Burkina Faso', 'BF', 'BFA', 'Burkina Faso', 274000, 12),
(22, 1, 'Bangladesh', 'BD', 'BGD', 'Bangladesh', 143998, 2),
(23, 1, 'Bulgaria', 'BG', 'BGR', 'Balgarija', 110994, 13),
(24, 1, 'Bahrain', 'BH', 'BHR', 'Al-Bahrayn', 694, 5),
(25, 1, 'Bahamas', 'BS', 'BHS', 'The Bahamas', 13878, 1),
(26, 1, 'Bosnia and Herzegovina', 'BA', 'BIH', 'Bosna i Hercegovina', 51197, 4),
(27, 1, 'Belarus', 'BY', 'BLR', 'Belarus', 207600, 13),
(28, 1, 'Belize', 'BZ', 'BLZ', 'Belize', 22696, 14),
(29, 1, 'Bermuda', 'BM', 'BMU', 'Bermuda', 53, 15),
(30, 1, 'Bolivia', 'BO', 'BOL', 'Bolivia', 1098581, 6),
(31, 1, 'Brazil', 'BR', 'BRA', 'Brasil', 8547403, 6),
(32, 1, 'Barbados', 'BB', 'BRB', 'Barbados', 430, 1),
(33, 1, 'Brunei', 'BN', 'BRN', 'Brunei Darussalam', 5765, 16),
(34, 1, 'Bhutan', 'BT', 'BTN', 'Druk-Yul', 47000, 2),
(35, 1, 'Bouvet Island', 'BV', 'BVT', 'Bouvetøya', 59, 8),
(36, 1, 'Botswana', 'BW', 'BWA', 'Botswana', 581730, 17),
(37, 1, 'Central African Republic', 'CF', 'CAF', 'Centrafrique/Bê-Afrîka', 622984, 3),
(38, 1, 'Canada', 'CA', 'CAN', 'Canada', 9970610, 15),
(39, 1, 'Cocos (Keeling) Islands', 'CC', 'CCK', 'Cocos (Keeling) Islands', 14, 9),
(40, 1, 'Switzerland', 'CH', 'CHE', 'Schweiz/Suisse/Svizzera/Svizra', 41284, 10),
(41, 1, 'Chile', 'CL', 'CHL', 'Chile', 756626, 6),
(42, 1, 'China', 'CN', 'CHN', 'Zhongquo', 9572900, 18),
(43, 1, 'Côte d’Ivoire', 'CI', 'CIV', 'Côte d’Ivoire', 322463, 12),
(44, 1, 'Cameroon', 'CM', 'CMR', 'Cameroun/Cameroon', 475442, 3),
(45, 1, 'Congo, The Democratic Republic of the', 'CD', 'COD', 'République Démocratique du Congo', 2344858, 3),
(46, 1, 'Congo', 'CG', 'COG', 'Congo', 342000, 3),
(47, 1, 'Cook Islands', 'CK', 'COK', 'The Cook Islands', 236, 7),
(48, 1, 'Colombia', 'CO', 'COL', 'Colombia', 1138914, 6),
(49, 1, 'Comoros', 'KM', 'COM', 'Komori/Comores', 1862, 11),
(50, 1, 'Cape Verde', 'CV', 'CPV', 'Cabo Verde', 4033, 12),
(51, 1, 'Costa Rica', 'CR', 'CRI', 'Costa Rica', 51100, 14),
(52, 1, 'Cuba', 'CU', 'CUB', 'Cuba', 110861, 1),
(53, 1, 'Christmas Island', 'CX', 'CXR', 'Christmas Island', 135, 9),
(54, 1, 'Cayman Islands', 'KY', 'CYM', 'Cayman Islands', 264, 1),
(55, 1, 'Cyprus', 'CY', 'CYP', 'Kýpros/Kibris', 9251, 5),
(56, 1, 'Czech Republic', 'CZ', 'CZE', '¸esko', 78866, 13),
(57, 1, 'Germany', 'DE', 'DEU', 'Deutschland', 357022, 10),
(58, 1, 'Djibouti', 'DJ', 'DJI', 'Djibouti/Jibuti', 23200, 11),
(59, 1, 'Dominica', 'DM', 'DMA', 'Dominica', 751, 1),
(60, 1, 'Denmark', 'DK', 'DNK', 'Danmark', 43094, 19),
(61, 1, 'Dominican Republic', 'DO', 'DOM', 'República Dominicana', 48511, 1),
(62, 1, 'Algeria', 'DZ', 'DZA', 'Al-Jaza’ir/Algérie', 2381741, 20),
(63, 1, 'Ecuador', 'EC', 'ECU', 'Ecuador', 283561, 6),
(64, 1, 'Egypt', 'EG', 'EGY', 'Misr', 1001449, 20),
(65, 1, 'Eritrea', 'ER', 'ERI', 'Ertra', 117600, 11),
(66, 1, 'Western Sahara', 'EH', 'ESH', 'As-Sahrawiya', 266000, 20),
(67, 1, 'Spain', 'ES', 'ESP', 'España', 505992, 4),
(68, 1, 'Estonia', 'EE', 'EST', 'Eesti', 45227, 21),
(69, 1, 'Ethiopia', 'ET', 'ETH', 'YeItyop´iya', 1104300, 11),
(70, 1, 'Finland', 'FI', 'FIN', 'Suomi', 338145, 19),
(71, 1, 'Fiji Islands', 'FJ', 'FJI', 'Fiji Islands', 18274, 22),
(72, 1, 'Falkland Islands', 'FK', 'FLK', 'Falkland Islands', 12173, 6),
(73, 1, 'France', 'FR', 'FRA', 'France', 551500, 10),
(74, 1, 'Faroe Islands', 'FO', 'FRO', 'Føroyar', 1399, 19),
(75, 1, 'Micronesia, Federated States of', 'FM', 'FSM', 'Micronesia', 702, 23),
(76, 1, 'Gabon', 'GA', 'GAB', 'Le Gabon', 267668, 3),
(77, 1, 'United Kingdom', 'GB', 'GBR', 'United Kingdom', 242900, 24),
(78, 1, 'Georgia', 'GE', 'GEO', 'Sakartvelo', 69700, 5),
(79, 1, 'Ghana', 'GH', 'GHA', 'Ghana', 238533, 12),
(80, 1, 'Gibraltar', 'GI', 'GIB', 'Gibraltar', 6, 4),
(81, 1, 'Guinea', 'GN', 'GIN', 'Guinée', 245857, 12),
(82, 1, 'Guadeloupe', 'GP', 'GLP', 'Guadeloupe', 1705, 1),
(83, 1, 'Gambia', 'GM', 'GMB', 'The Gambia', 11295, 12),
(84, 1, 'Guinea-Bissau', 'GW', 'GNB', 'Guiné-Bissau', 36125, 12),
(85, 1, 'Equatorial Guinea', 'GQ', 'GNQ', 'Guinea Ecuatorial', 28051, 3),
(86, 1, 'Greece', 'GR', 'GRC', 'Elláda', 131626, 4),
(87, 1, 'Grenada', 'GD', 'GRD', 'Grenada', 344, 1),
(88, 1, 'Greenland', 'GL', 'GRL', 'Kalaallit Nunaat/Grønland', 2166090, 15),
(89, 1, 'Guatemala', 'GT', 'GTM', 'Guatemala', 108889, 14),
(90, 1, 'French Guiana', 'GF', 'GUF', 'Guyane française', 90000, 6),
(91, 1, 'Guam', 'GU', 'GUM', 'Guam', 549, 23),
(92, 1, 'Guyana', 'GY', 'GUY', 'Guyana', 214969, 6),
(93, 1, 'Hong Kong', 'HK', 'HKG', 'Xianggang/Hong Kong', 1075, 18),
(94, 1, 'Heard Island and McDonald Islands', 'HM', 'HMD', 'Heard and McDonald Islands', 359, 8),
(95, 1, 'Honduras', 'HN', 'HND', 'Honduras', 112088, 14),
(96, 1, 'Croatia', 'HR', 'HRV', 'Hrvatska', 56538, 4),
(97, 1, 'Haiti', 'HT', 'HTI', 'Haïti/Dayti', 27750, 1),
(98, 1, 'Hungary', 'HU', 'HUN', 'Magyarország', 93030, 13),
(99, 1, 'Indonesia', 'ID', 'IDN', 'Indonesia', 1904569, 16),
(100, 1, 'India', 'IN', 'IND', 'Bharat/India', 3287263, 2),
(101, 1, 'British Indian Ocean Territory', 'IO', 'IOT', 'British Indian Ocean Territory', 78, 11),
(102, 1, 'Ireland', 'IE', 'IRL', 'Ireland/Éire', 70273, 24),
(103, 1, 'Iran', 'IR', 'IRN', 'Iran', 1648195, 2),
(104, 1, 'Iraq', 'IQ', 'IRQ', 'Al-´Iraq', 438317, 5),
(105, 1, 'Iceland', 'IS', 'ISL', 'Ísland', 103000, 19),
(106, 1, 'Israel', 'IL', 'ISR', 'Yisra’el/Isra’il', 21056, 5),
(107, 1, 'Italy', 'IT', 'ITA', 'Italia', 301316, 4),
(108, 1, 'Jamaica', 'JM', 'JAM', 'Jamaica', 10990, 1),
(109, 1, 'Jordan', 'JO', 'JOR', 'Al-Urdunn', 88946, 5),
(110, 1, 'Japan', 'JP', 'JPN', 'Nihon/Nippon', 377829, 18),
(111, 1, 'Kazakstan', 'KZ', 'KAZ', 'Qazaqstan', 2724900, 2),
(112, 1, 'Kenya', 'KE', 'KEN', 'Kenya', 580367, 11),
(113, 1, 'Kyrgyzstan', 'KG', 'KGZ', 'Kyrgyzstan', 199900, 2),
(114, 1, 'Cambodia', 'KH', 'KHM', 'Kâmpuchéa', 181035, 16),
(115, 1, 'Kiribati', 'KI', 'KIR', 'Kiribati', 726, 23),
(116, 1, 'Saint Kitts and Nevis', 'KN', 'KNA', 'Saint Kitts and Nevis', 261, 1),
(117, 1, 'South Korea', 'KR', 'KOR', 'Taehan Min’guk (Namhan)', 99434, 18),
(118, 1, 'Kuwait', 'KW', 'KWT', 'Al-Kuwayt', 17818, 5),
(119, 1, 'Laos', 'LA', 'LAO', 'Lao', 236800, 16),
(120, 1, 'Lebanon', 'LB', 'LBN', 'Lubnan', 10400, 5),
(121, 1, 'Liberia', 'LR', 'LBR', 'Liberia', 111369, 12),
(122, 1, 'Libyan Arab Jamahiriya', 'LY', 'LBY', 'Libiya', 1759540, 20),
(123, 1, 'Saint Lucia', 'LC', 'LCA', 'Saint Lucia', 622, 1),
(124, 1, 'Liechtenstein', 'LI', 'LIE', 'Liechtenstein', 160, 10),
(125, 1, 'Sri Lanka', 'LK', 'LKA', 'Sri Lanka/Ilankai', 65610, 2),
(126, 1, 'Lesotho', 'LS', 'LSO', 'Lesotho', 30355, 17),
(127, 1, 'Lithuania', 'LT', 'LTU', 'Lietuva', 65301, 21),
(128, 1, 'Luxembourg', 'LU', 'LUX', 'Luxembourg/Lëtzebuerg', 2586, 10),
(129, 1, 'Latvia', 'LV', 'LVA', 'Latvija', 64589, 21),
(130, 1, 'Macao', 'MO', 'MAC', 'Macau/Aomen', 18, 18),
(131, 1, 'Morocco', 'MA', 'MAR', 'Al-Maghrib', 446550, 20),
(132, 1, 'Monaco', 'MC', 'MCO', 'Monaco', 1.5, 10),
(133, 1, 'Moldova', 'MD', 'MDA', 'Moldova', 33851, 13),
(134, 1, 'Madagascar', 'MG', 'MDG', 'Madagasikara/Madagascar', 587041, 11),
(135, 1, 'Maldives', 'MV', 'MDV', 'Dhivehi Raajje/Maldives', 298, 2),
(136, 1, 'Mexico', 'MX', 'MEX', 'México', 1958201, 14),
(137, 1, 'Marshall Islands', 'MH', 'MHL', 'Marshall Islands/Majol', 181, 23),
(138, 1, 'Macedonia', 'MK', 'MKD', 'Makedonija', 25713, 4),
(139, 1, 'Mali', 'ML', 'MLI', 'Mali', 1240192, 12),
(140, 1, 'Malta', 'MT', 'MLT', 'Malta', 316, 4),
(141, 1, 'Myanmar', 'MM', 'MMR', 'Myanma Pye', 676578, 16),
(142, 1, 'Mongolia', 'MN', 'MNG', 'Mongol Uls', 1566500, 18),
(143, 1, 'Northern Mariana Islands', 'MP', 'MNP', 'Northern Mariana Islands', 464, 23),
(144, 1, 'Mozambique', 'MZ', 'MOZ', 'Moçambique', 801590, 11),
(145, 1, 'Mauritania', 'MR', 'MRT', 'Muritaniya/Mauritanie', 1025520, 12),
(146, 1, 'Montserrat', 'MS', 'MSR', 'Montserrat', 102, 1),
(147, 1, 'Martinique', 'MQ', 'MTQ', 'Martinique', 1102, 1),
(148, 1, 'Mauritius', 'MU', 'MUS', 'Mauritius', 2040, 11),
(149, 1, 'Malawi', 'MW', 'MWI', 'Malawi', 118484, 11),
(150, 1, 'Malaysia', 'MY', 'MYS', 'Malaysia', 329758, 16),
(151, 1, 'Mayotte', 'YT', 'MYT', 'Mayotte', 373, 11),
(152, 1, 'Namibia', 'NA', 'NAM', 'Namibia', 824292, 17),
(153, 1, 'New Caledonia', 'NC', 'NCL', 'Nouvelle-Calédonie', 18575, 22),
(154, 1, 'Niger', 'NE', 'NER', 'Niger', 1267000, 12),
(155, 1, 'Norfolk Island', 'NF', 'NFK', 'Norfolk Island', 36, 9),
(156, 1, 'Nigeria', 'NG', 'NGA', 'Nigeria', 923768, 12),
(157, 1, 'Nicaragua', 'NI', 'NIC', 'Nicaragua', 130000, 14),
(158, 1, 'Niue', 'NU', 'NIU', 'Niue', 260, 7),
(159, 1, 'Netherlands', 'NL', 'NLD', 'Nederland', 41526, 10),
(160, 1, 'Norway', 'NO', 'NOR', 'Norge', 323877, 19),
(161, 1, 'Nepal', 'NP', 'NPL', 'Nepal', 147181, 2),
(162, 1, 'Nauru', 'NR', 'NRU', 'Naoero/Nauru', 21, 23),
(163, 1, 'New Zealand', 'NZ', 'NZL', 'New Zealand/Aotearoa', 270534, 9),
(164, 1, 'Oman', 'OM', 'OMN', '´Uman', 309500, 5),
(165, 1, 'Pakistan', 'PK', 'PAK', 'Pakistan', 796095, 2),
(166, 1, 'Panama', 'PA', 'PAN', 'Panamá', 75517, 14),
(167, 1, 'Pitcairn', 'PN', 'PCN', 'Pitcairn', 49, 7),
(168, 1, 'Peru', 'PE', 'PER', 'Perú/Piruw', 1285216, 6),
(169, 1, 'Philippines', 'PH', 'PHL', 'Pilipinas', 300000, 16),
(170, 1, 'Palau', 'PW', 'PLW', 'Belau/Palau', 459, 23),
(171, 1, 'Papua New Guinea', 'PG', 'PNG', 'Papua New Guinea/Papua Niugini', 462840, 22),
(172, 1, 'Poland', 'PL', 'POL', 'Polska', 323250, 13),
(173, 1, 'Puerto Rico', 'PR', 'PRI', 'Puerto Rico', 8875, 1),
(174, 1, 'North Korea', 'KP', 'PRK', 'Choson Minjujuui In´min Konghwaguk (Bukhan)', 120538, 18),
(175, 1, 'Portugal', 'PT', 'PRT', 'Portugal', 91982, 4),
(176, 1, 'Paraguay', 'PY', 'PRY', 'Paraguay', 406752, 6),
(177, 1, 'Palestine', 'PS', 'PSE', 'Filastin', 6257, 5),
(178, 1, 'French Polynesia', 'PF', 'PYF', 'Polynésie française', 4000, 7),
(179, 1, 'Qatar', 'QA', 'QAT', 'Qatar', 11000, 5),
(180, 1, 'Réunion', 'RE', 'REU', 'Réunion', 2510, 11),
(181, 1, 'Romania', 'RO', 'ROM', 'România', 238391, 13),
(182, 1, 'Russian Federation', 'RU', 'RUS', 'Rossija', 17075400, 13),
(183, 1, 'Rwanda', 'RW', 'RWA', 'Rwanda/Urwanda', 26338, 11),
(184, 1, 'Saudi Arabia', 'SA', 'SAU', 'Al-´Arabiya as-Sa´udiya', 2149690, 5),
(185, 1, 'Sudan', 'SD', 'SDN', 'As-Sudan', 2505813, 20),
(186, 1, 'Senegal', 'SN', 'SEN', 'Sénégal/Sounougal', 196722, 12),
(187, 1, 'Singapore', 'SG', 'SGP', 'Singapore/Singapura/Xinjiapo/Singapur', 618, 16),
(188, 1, 'South Georgia and the South Sandwich Islands', 'GS', 'SGS', 'South Georgia and the South Sandwich Islands', 3903, 8),
(189, 1, 'Saint Helena', 'SH', 'SHN', 'Saint Helena', 314, 12),
(190, 1, 'Svalbard and Jan Mayen', 'SJ', 'SJM', 'Svalbard og Jan Mayen', 62422, 19),
(191, 1, 'Solomon Islands', 'SB', 'SLB', 'Solomon Islands', 28896, 22),
(192, 1, 'Sierra Leone', 'SL', 'SLE', 'Sierra Leone', 71740, 12),
(193, 1, 'El Salvador', 'SV', 'SLV', 'El Salvador', 21041, 14),
(194, 1, 'San Marino', 'SM', 'SMR', 'San Marino', 61, 4),
(195, 1, 'Somalia', 'SO', 'SOM', 'Soomaaliya', 637657, 11),
(196, 1, 'Saint Pierre and Miquelon', 'PM', 'SPM', 'Saint-Pierre-et-Miquelon', 242, 15),
(197, 1, 'Sao Tome and Principe', 'ST', 'STP', 'São Tomé e Príncipe', 964, 3),
(198, 1, 'Suriname', 'SR', 'SUR', 'Suriname', 163265, 6),
(199, 1, 'Slovakia', 'SK', 'SVK', 'Slovensko', 49012, 13),
(200, 1, 'Slovenia', 'SI', 'SVN', 'Slovenija', 20256, 4),
(201, 1, 'Sweden', 'SE', 'SWE', 'Sverige', 449964, 19),
(202, 1, 'Swaziland', 'SZ', 'SWZ', 'kaNgwane', 17364, 17),
(203, 1, 'Seychelles', 'SC', 'SYC', 'Sesel/Seychelles', 455, 11),
(204, 1, 'Syria', 'SY', 'SYR', 'Suriya', 185180, 5),
(205, 1, 'Turks and Caicos Islands', 'TC', 'TCA', 'The Turks and Caicos Islands', 430, 1),
(206, 1, 'Chad', 'TD', 'TCD', 'Tchad/Tshad', 1284000, 3),
(207, 1, 'Togo', 'TG', 'TGO', 'Togo', 56785, 12),
(208, 1, 'Thailand', 'TH', 'THA', 'Prathet Thai', 513115, 16),
(209, 1, 'Tajikistan', 'TJ', 'TJK', 'Toçikiston', 143100, 2),
(210, 1, 'Tokelau', 'TK', 'TKL', 'Tokelau', 12, 7),
(211, 1, 'Turkmenistan', 'TM', 'TKM', 'Türkmenostan', 488100, 2),
(212, 1, 'East Timor', 'TP', 'TMP', 'Timor Timur', 14874, 16),
(213, 1, 'Tonga', 'TO', 'TON', 'Tonga', 650, 7),
(214, 1, 'Trinidad and Tobago', 'TT', 'TTO', 'Trinidad and Tobago', 5130, 1),
(215, 1, 'Tunisia', 'TN', 'TUN', 'Tunis/Tunisie', 163610, 20),
(216, 1, 'Turkey', 'TR', 'TUR', 'Türkiye', 774815, 5),
(217, 1, 'Tuvalu', 'TV', 'TUV', 'Tuvalu', 26, 7),
(218, 1, 'Taiwan', 'TW', 'TWN', 'T’ai-wan', 36188, 18),
(219, 1, 'Tanzania', 'TZ', 'TZA', 'Tanzania', 883749, 11),
(220, 1, 'Uganda', 'UG', 'UGA', 'Uganda', 241038, 11),
(221, 1, 'Ukraine', 'UA', 'UKR', 'Ukrajina', 603700, 13),
(222, 1, 'United States Minor Outlying Islands', 'UM', 'UMI', 'United States Minor Outlying Islands', 16, 25),
(223, 1, 'Uruguay', 'UY', 'URY', 'Uruguay', 175016, 6),
(224, 1, 'United States', 'US', 'USA', 'United States', 9363520, 15),
(225, 1, 'Uzbekistan', 'UZ', 'UZB', 'Uzbekiston', 447400, 2),
(226, 1, 'Holy See (Vatican City State)', 'VA', 'VAT', 'Santa Sede/Città del Vaticano', 0.4000000059604645, 4),
(227, 1, 'Saint Vincent and the Grenadines', 'VC', 'VCT', 'Saint Vincent and the Grenadines', 388, 1),
(228, 1, 'Venezuela', 'VE', 'VEN', 'Venezuela', 912050, 6),
(229, 1, 'Virgin Islands, British', 'VG', 'VGB', 'British Virgin Islands', 151, 1),
(230, 1, 'Virgin Islands, U.S.', 'VI', 'VIR', 'Virgin Islands of the United States', 347, 1),
(231, 1, 'Vietnam', 'VN', 'VNM', 'Viêt Nam', 331689, 16),
(232, 1, 'Vanuatu', 'VU', 'VUT', 'Vanuatu', 12189, 22),
(233, 1, 'Wallis and Futuna', 'WF', 'WLF', 'Wallis-et-Futuna', 200, 7),
(234, 1, 'Samoa', 'WS', 'WSM', 'Samoa', 2831, 7),
(235, 1, 'Yemen', 'YE', 'YEM', 'Al-Yaman', 527968, 5),
(236, 1, 'Yugoslavia', 'YU', 'YUG', 'Jugoslavija', 102173, 4),
(237, 1, 'South Africa', 'ZA', 'ZAF', 'South Africa', 1221037, 17),
(238, 1, 'Zambia', 'ZM', 'ZMB', 'Zambia', 752618, 11),
(239, 1, 'Zimbabwe', 'ZW', 'ZWE', 'Zimbabwe', 390757, 11);

-- --------------------------------------------------------

--
-- Estrutura da tabela `country_language`
--

CREATE TABLE IF NOT EXISTS `country_language` (
`id` int(11) NOT NULL,
  `version` bigint(20) DEFAULT NULL,
  `language` varchar(32) NOT NULL,
  `is_official` bit(1) NOT NULL,
  `population_share` double NOT NULL,
  `country_id` int(11) NOT NULL
) ENGINE=InnoDB DEFAULT CHARSET=utf8;

-- --------------------------------------------------------

--
-- Estrutura da tabela `district`
--

CREATE TABLE IF NOT EXISTS `district` (
`id` int(11) NOT NULL,
  `version` bigint(20) DEFAULT NULL,
  `name` varchar(64) NOT NULL,
  `country_id` int(11) NOT NULL
) ENGINE=InnoDB AUTO_INCREMENT=1397 DEFAULT CHARSET=utf8;

--
-- Extraindo dados da tabela `district`
--

INSERT INTO `district` (`id`, `version`, `name`, `country_id`) VALUES
(1, 1, 'Kabol', 2),
(2, 1, 'Qandahar', 2),
(3, 1, 'Herat', 2),
(4, 1, 'Balkh', 2),
(5, 1, 'Noord-Holland', 159),
(6, 1, 'Zuid-Holland', 159),
(7, 1, 'Utrecht', 159),
(8, 1, 'Noord-Brabant', 159),
(9, 1, 'Groningen', 159),
(10, 1, 'Gelderland', 159),
(11, 1, 'Overijssel', 159),
(12, 1, 'Flevoland', 159),
(13, 1, 'Limburg', 159),
(14, 1, 'Drenthe', 159),
(15, 1, 'Curaçao', 7),
(16, 1, 'Tirana', 5),
(17, 1, 'Alger', 62),
(18, 1, 'Oran', 62),
(19, 1, 'Constantine', 62),
(20, 1, 'Annaba', 62),
(21, 1, 'Batna', 62),
(22, 1, 'Sétif', 62),
(23, 1, 'Sidi Bel Abbès', 62),
(24, 1, 'Skikda', 62),
(25, 1, 'Biskra', 62),
(26, 1, 'Blida', 62),
(27, 1, 'Béjaïa', 62),
(28, 1, 'Mostaganem', 62),
(29, 1, 'Tébessa', 62),
(30, 1, 'Tlemcen', 62),
(31, 1, 'Béchar', 62),
(32, 1, 'Tiaret', 62),
(33, 1, 'Chlef', 62),
(34, 1, 'Ghardaïa', 62),
(35, 1, 'Tutuila', 11),
(36, 1, 'Andorra la Vella', 6),
(37, 1, 'Luanda', 3),
(38, 1, 'Huambo', 3),
(39, 1, 'Benguela', 3),
(40, 1, 'Namibe', 3),
(41, 1, 'St John', 14),
(42, 1, 'Dubai', 8),
(43, 1, 'Abu Dhabi', 8),
(44, 1, 'Sharja', 8),
(45, 1, 'Ajman', 8),
(46, 1, 'Distrito Federal', 9),
(47, 1, 'Buenos Aires', 9),
(48, 1, 'Córdoba', 9),
(49, 1, 'Santa Fé', 9),
(50, 1, 'Tucumán', 9),
(51, 1, 'Salta', 9),
(52, 1, 'Corrientes', 9),
(53, 1, 'Chaco', 9),
(54, 1, 'Entre Rios', 9),
(55, 1, 'Mendoza', 9),
(56, 1, 'Misiones', 9),
(57, 1, 'Santiago del Estero', 9),
(58, 1, 'Jujuy', 9),
(59, 1, 'Neuquén', 9),
(60, 1, 'Formosa', 9),
(61, 1, 'La Rioja', 9),
(62, 1, 'Catamarca', 9),
(63, 1, 'Chubut', 9),
(64, 1, 'San Juan', 9),
(65, 1, 'San Luis', 9),
(66, 1, 'Yerevan', 10),
(67, 1, 'Širak', 10),
(68, 1, 'Lori', 10),
(69, 1, 'New South Wales', 15),
(70, 1, 'Victoria', 15),
(71, 1, 'Queensland', 15),
(72, 1, 'West Australia', 15),
(73, 1, 'South Australia', 15),
(74, 1, 'Capital Region', 15),
(75, 1, 'Tasmania', 15),
(76, 1, 'Baki', 17),
(77, 1, 'Gäncä', 17),
(78, 1, 'Sumqayit', 17),
(79, 1, 'Mingäçevir', 17),
(80, 1, 'New Providence', 25),
(81, 1, 'al-Manama', 24),
(82, 1, 'Dhaka', 22),
(83, 1, 'Chittagong', 22),
(84, 1, 'Khulna', 22),
(85, 1, 'Rajshahi', 22),
(86, 1, 'Barisal', 22),
(87, 1, 'Sylhet', 22),
(88, 1, 'St Michael', 32),
(89, 1, 'Antwerpen', 19),
(90, 1, 'East Flanderi', 19),
(91, 1, 'Hainaut', 19),
(92, 1, 'Liège', 19),
(93, 1, 'Bryssel', 19),
(94, 1, 'West Flanderi', 19),
(95, 1, 'Namur', 19),
(96, 1, 'Belize City', 28),
(97, 1, 'Cayo', 28),
(98, 1, 'Atlantique', 20),
(99, 1, 'Ouémé', 20),
(100, 1, 'Atacora', 20),
(101, 1, 'Borgou', 20),
(102, 1, 'Saint George´s', 29),
(103, 1, 'Hamilton', 29),
(104, 1, 'Thimphu', 34),
(105, 1, 'Santa Cruz', 30),
(106, 1, 'La Paz', 30),
(107, 1, 'Cochabamba', 30),
(108, 1, 'Oruro', 30),
(109, 1, 'Chuquisaca', 30),
(110, 1, 'Potosí', 30),
(111, 1, 'Tarija', 30),
(112, 1, 'Federaatio', 26),
(113, 1, 'Republika Srpska', 26),
(114, 1, 'Gaborone', 36),
(115, 1, 'Francistown', 36),
(116, 1, 'São Paulo', 31),
(117, 1, 'Rio de Janeiro', 31),
(118, 1, 'Bahia', 31),
(119, 1, 'Minas Gerais', 31),
(120, 1, 'Ceará', 31),
(121, 1, 'Distrito Federal', 31),
(122, 1, 'Paraná', 31),
(123, 1, 'Pernambuco', 31),
(124, 1, 'Rio Grande do Sul', 31),
(125, 1, 'Amazonas', 31),
(126, 1, 'Pará', 31),
(127, 1, 'Goiás', 31),
(128, 1, 'Maranhão', 31),
(129, 1, 'Alagoas', 31),
(130, 1, 'Piauí', 31),
(131, 1, 'Rio Grande do Norte', 31),
(132, 1, 'Mato Grosso do Sul', 31),
(133, 1, 'Paraíba', 31),
(134, 1, 'Mato Grosso', 31),
(135, 1, 'Sergipe', 31),
(136, 1, 'Santa Catarina', 31),
(137, 1, 'Espírito Santo', 31),
(138, 1, 'Rondônia', 31),
(139, 1, 'Acre', 31),
(140, 1, 'Amapá', 31),
(141, 1, 'Roraima', 31),
(142, 1, 'Tocantins', 31),
(143, 1, 'England', 77),
(144, 1, 'Scotland', 77),
(145, 1, 'Wales', 77),
(146, 1, 'North Ireland', 77),
(147, 1, 'Jersey', 77),
(148, 1, 'Tortola', 229),
(149, 1, 'Brunei and Muara', 33),
(150, 1, 'Grad Sofija', 23),
(151, 1, 'Plovdiv', 23),
(152, 1, 'Varna', 23),
(153, 1, 'Burgas', 23),
(154, 1, 'Ruse', 23),
(155, 1, 'Haskovo', 23),
(156, 1, 'Lovec', 23),
(157, 1, 'Kadiogo', 21),
(158, 1, 'Houet', 21),
(159, 1, 'Boulkiemdé', 21),
(160, 1, 'Bujumbura', 18),
(161, 1, 'Grand Cayman', 54),
(162, 1, 'Santiago', 41),
(163, 1, 'Valparaíso', 41),
(164, 1, 'Bíobío', 41),
(165, 1, 'Antofagasta', 41),
(166, 1, 'La Araucanía', 41),
(167, 1, 'O´Higgins', 41),
(168, 1, 'Tarapacá', 41),
(169, 1, 'Maule', 41),
(170, 1, 'Los Lagos', 41),
(171, 1, 'Coquimbo', 41),
(172, 1, 'Magallanes', 41),
(173, 1, 'Atacama', 41),
(174, 1, 'Rarotonga', 47),
(175, 1, 'San José', 51),
(176, 1, 'Djibouti', 58),
(177, 1, 'St George', 59),
(178, 1, 'Distrito Nacional', 61),
(179, 1, 'Santiago', 61),
(180, 1, 'La Romana', 61),
(181, 1, 'San Pedro de Macorís', 61),
(182, 1, 'Duarte', 61),
(183, 1, 'Puerto Plata', 61),
(184, 1, 'Guayas', 63),
(185, 1, 'Pichincha', 63),
(186, 1, 'Azuay', 63),
(187, 1, 'El Oro', 63),
(188, 1, 'Manabí', 63),
(189, 1, 'Tungurahua', 63),
(190, 1, 'Imbabura', 63),
(191, 1, 'Los Ríos', 63),
(192, 1, 'Loja', 63),
(193, 1, 'Chimborazo', 63),
(194, 1, 'Esmeraldas', 63),
(195, 1, 'Kairo', 64),
(196, 1, 'Aleksandria', 64),
(197, 1, 'Giza', 64),
(198, 1, 'al-Qalyubiya', 64),
(199, 1, 'Port Said', 64),
(200, 1, 'Suez', 64),
(201, 1, 'al-Gharbiya', 64),
(202, 1, 'al-Daqahliya', 64),
(203, 1, 'Luxor', 64),
(204, 1, 'Asyut', 64),
(205, 1, 'al-Sharqiya', 64),
(206, 1, 'al-Faiyum', 64),
(207, 1, 'Ismailia', 64),
(208, 1, 'al-Buhayra', 64),
(209, 1, 'Assuan', 64),
(210, 1, 'al-Minya', 64),
(211, 1, 'Bani Suwayf', 64),
(212, 1, 'Qina', 64),
(213, 1, 'Sawhaj', 64),
(214, 1, 'al-Minufiya', 64),
(215, 1, 'Kafr al-Shaykh', 64),
(216, 1, 'Shamal Sina', 64),
(217, 1, 'San Salvador', 193),
(218, 1, 'Santa Ana', 193),
(219, 1, 'San Miguel', 193),
(220, 1, 'La Libertad', 193),
(221, 1, 'Maekel', 65),
(222, 1, 'Madrid', 67),
(223, 1, 'Katalonia', 67),
(224, 1, 'Valencia', 67),
(225, 1, 'Andalusia', 67),
(226, 1, 'Aragonia', 67),
(227, 1, 'Baskimaa', 67),
(228, 1, 'Canary Islands', 67),
(229, 1, 'Murcia', 67),
(230, 1, 'Balears', 67),
(231, 1, 'Castilla and León', 67),
(232, 1, 'Galicia', 67),
(233, 1, 'Asturia', 67),
(234, 1, 'Cantabria', 67),
(235, 1, 'Navarra', 67),
(236, 1, 'Kastilia-La Mancha', 67),
(237, 1, 'Extremadura', 67),
(238, 1, 'La Rioja', 67),
(239, 1, 'Western Cape', 237),
(240, 1, 'Gauteng', 237),
(241, 1, 'Eastern Cape', 237),
(242, 1, 'KwaZulu-Natal', 237),
(243, 1, 'Free State', 237),
(244, 1, 'North West', 237),
(245, 1, 'Northern Cape', 237),
(246, 1, 'Mpumalanga', 237),
(247, 1, 'Addis Abeba', 69),
(248, 1, 'Dire Dawa', 69),
(249, 1, 'Oromia', 69),
(250, 1, 'Amhara', 69),
(251, 1, 'Tigray', 69),
(252, 1, 'East Falkland', 72),
(253, 1, 'Central', 71),
(254, 1, 'National Capital Reg', 169),
(255, 1, 'Southern Mindanao', 169),
(256, 1, 'Central Visayas', 169),
(257, 1, 'Western Mindanao', 169),
(258, 1, 'Southern Tagalog', 169),
(259, 1, 'Northern Mindanao', 169),
(260, 1, 'Western Visayas', 169),
(261, 1, 'Central Luzon', 169),
(262, 1, 'Central Mindanao', 169),
(263, 1, 'Caraga', 169),
(264, 1, 'CAR', 169),
(265, 1, 'Eastern Visayas', 169),
(266, 1, 'Bicol', 169),
(267, 1, 'Ilocos', 169),
(268, 1, 'Cagayan Valley', 169),
(269, 1, 'ARMM', 169),
(270, 1, 'Streymoyar', 74),
(271, 1, 'Estuaire', 76),
(272, 1, 'Kombo St Mary', 83),
(273, 1, 'Banjul', 83),
(274, 1, 'Tbilisi', 78),
(275, 1, 'Imereti', 78),
(276, 1, 'Kvemo Kartli', 78),
(277, 1, 'Adzaria [Atšara]', 78),
(278, 1, 'Abhasia [Aphazeti]', 78),
(279, 1, 'Greater Accra', 79),
(280, 1, 'Ashanti', 79),
(281, 1, 'Northern', 79),
(282, 1, 'Western', 79),
(283, 1, 'St George', 87),
(284, 1, 'Kitaa', 88),
(285, 1, 'Grande-Terre', 82),
(286, 1, 'Basse-Terre', 82),
(287, 1, 'Guatemala', 89),
(288, 1, 'Quetzaltenango', 89),
(289, 1, 'Conakry', 81),
(290, 1, 'Bissau', 84),
(291, 1, 'Georgetown', 92),
(292, 1, 'Ouest', 97),
(293, 1, 'Nord', 97),
(294, 1, 'Distrito Central', 95),
(295, 1, 'Cortés', 95),
(296, 1, 'Atlántida', 95),
(297, 1, 'Kowloon and New Kowl', 93),
(298, 1, 'Hongkong', 93),
(299, 1, 'Länsimaa', 190),
(300, 1, 'Jakarta Raya', 99),
(301, 1, 'East Java', 99),
(302, 1, 'West Java', 99),
(303, 1, 'Sumatera Utara', 99),
(304, 1, 'Sumatera Selatan', 99),
(305, 1, 'Central Java', 99),
(306, 1, 'Sulawesi Selatan', 99),
(307, 1, 'Lampung', 99),
(308, 1, 'Sumatera Barat', 99),
(309, 1, 'Kalimantan Selatan', 99),
(310, 1, 'Riau', 99),
(311, 1, 'Bali', 99),
(312, 1, 'Yogyakarta', 99),
(313, 1, 'Kalimantan Barat', 99),
(314, 1, 'Kalimantan Timur', 99),
(315, 1, 'Jambi', 99),
(316, 1, 'Sulawesi Utara', 99),
(317, 1, 'Nusa Tenggara Barat', 99),
(318, 1, 'Molukit', 99),
(319, 1, 'Bengkulu', 99),
(320, 1, 'Aceh', 99),
(321, 1, 'Sulawesi Tengah', 99),
(322, 1, 'Nusa Tenggara Timur', 99),
(323, 1, 'Kalimantan Tengah', 99),
(324, 1, 'Sulawesi Tenggara', 99),
(325, 1, 'West Irian', 99),
(326, 1, 'Maharashtra', 100),
(327, 1, 'Delhi', 100),
(328, 1, 'West Bengali', 100),
(329, 1, 'Tamil Nadu', 100),
(330, 1, 'Andhra Pradesh', 100),
(331, 1, 'Gujarat', 100),
(332, 1, 'Karnataka', 100),
(333, 1, 'Uttar Pradesh', 100),
(334, 1, 'Rajasthan', 100),
(335, 1, 'Madhya Pradesh', 100),
(336, 1, 'Punjab', 100),
(337, 1, 'Bihar', 100),
(338, 1, 'Jammu and Kashmir', 100),
(339, 1, 'Haryana', 100),
(340, 1, 'Jharkhand', 100),
(341, 1, 'Assam', 100),
(342, 1, 'Kerala', 100),
(343, 1, 'Chandigarh', 100),
(344, 1, 'Chhatisgarh', 100),
(345, 1, 'Orissa', 100),
(346, 1, 'Uttaranchal', 100),
(347, 1, 'Pondicherry', 100),
(348, 1, 'Manipur', 100),
(349, 1, 'Tripura', 100),
(350, 1, 'Mizoram', 100),
(351, 1, 'Meghalaya', 100),
(352, 1, 'Baghdad', 104),
(353, 1, 'Ninawa', 104),
(354, 1, 'Irbil', 104),
(355, 1, 'al-Tamim', 104),
(356, 1, 'Basra', 104),
(357, 1, 'al-Sulaymaniya', 104),
(358, 1, 'al-Najaf', 104),
(359, 1, 'Karbala', 104),
(360, 1, 'Babil', 104),
(361, 1, 'DhiQar', 104),
(362, 1, 'Maysan', 104),
(363, 1, 'al-Qadisiya', 104),
(364, 1, 'al-Anbar', 104),
(365, 1, 'Wasit', 104),
(366, 1, 'Diyala', 104),
(367, 1, 'Teheran', 103),
(368, 1, 'Khorasan', 103),
(369, 1, 'Esfahan', 103),
(370, 1, 'East Azerbaidzan', 103),
(371, 1, 'Fars', 103),
(372, 1, 'Khuzestan', 103),
(373, 1, 'Qom', 103),
(374, 1, 'Kermanshah', 103),
(375, 1, 'West Azerbaidzan', 103),
(376, 1, 'Sistan va Baluchesta', 103),
(377, 1, 'Gilan', 103),
(378, 1, 'Hamadan', 103),
(379, 1, 'Kerman', 103),
(380, 1, 'Markazi', 103),
(381, 1, 'Ardebil', 103),
(382, 1, 'Yazd', 103),
(383, 1, 'Qazvin', 103),
(384, 1, 'Zanjan', 103),
(385, 1, 'Kordestan', 103),
(386, 1, 'Hormozgan', 103),
(387, 1, 'Lorestan', 103),
(388, 1, 'Mazandaran', 103),
(389, 1, 'Golestan', 103),
(390, 1, 'Bushehr', 103),
(391, 1, 'Ilam', 103),
(392, 1, 'Semnan', 103),
(393, 1, 'Chaharmahal va Bakht', 103),
(394, 1, 'Leinster', 102),
(395, 1, 'Munster', 102),
(396, 1, 'Höfuðborgarsvæði', 105),
(397, 1, 'Jerusalem', 106),
(398, 1, 'Tel Aviv', 106),
(399, 1, 'Haifa', 106),
(400, 1, 'Ha Merkaz', 106),
(401, 1, 'Ha Darom', 106),
(402, 1, 'Latium', 107),
(403, 1, 'Lombardia', 107),
(404, 1, 'Campania', 107),
(405, 1, 'Piemonte', 107),
(406, 1, 'Sisilia', 107),
(407, 1, 'Liguria', 107),
(408, 1, 'Emilia-Romagna', 107),
(409, 1, 'Toscana', 107),
(410, 1, 'Apulia', 107),
(411, 1, 'Veneto', 107),
(412, 1, 'Friuli-Venezia Giuli', 107),
(413, 1, 'Calabria', 107),
(414, 1, 'Sardinia', 107),
(415, 1, 'Umbria', 107),
(416, 1, 'Abruzzit', 107),
(417, 1, 'Trentino-Alto Adige', 107),
(418, 1, 'Marche', 107),
(419, 1, 'Dili', 212),
(420, 1, 'Wien', 16),
(421, 1, 'Steiermark', 16),
(422, 1, 'North Austria', 16),
(423, 1, 'Salzburg', 16),
(424, 1, 'Tiroli', 16),
(425, 1, 'Kärnten', 16),
(426, 1, 'St. Catherine', 108),
(427, 1, 'St. Andrew', 108),
(428, 1, 'Tokyo-to', 110),
(429, 1, 'Kanagawa', 110),
(430, 1, 'Osaka', 110),
(431, 1, 'Aichi', 110),
(432, 1, 'Hokkaido', 110),
(433, 1, 'Kyoto', 110),
(434, 1, 'Hyogo', 110),
(435, 1, 'Fukuoka', 110),
(436, 1, 'Hiroshima', 110),
(437, 1, 'Miyagi', 110),
(438, 1, 'Chiba', 110),
(439, 1, 'Kumamoto', 110),
(440, 1, 'Okayama', 110),
(441, 1, 'Shizuoka', 110),
(442, 1, 'Kagoshima', 110),
(443, 1, 'Niigata', 110),
(444, 1, 'Saitama', 110),
(445, 1, 'Ehime', 110),
(446, 1, 'Ishikawa', 110),
(447, 1, 'Tochigi', 110),
(448, 1, 'Oita', 110),
(449, 1, 'Nagasaki', 110),
(450, 1, 'Gifu', 110),
(451, 1, 'Wakayama', 110),
(452, 1, 'Nara', 110),
(453, 1, 'Fukushima', 110),
(454, 1, 'Nagano', 110),
(455, 1, 'Kagawa', 110),
(456, 1, 'Toyama', 110),
(457, 1, 'Kochi', 110),
(458, 1, 'Akita', 110),
(459, 1, 'Miyazaki', 110),
(460, 1, 'Okinawa', 110),
(461, 1, 'Aomori', 110),
(462, 1, 'Mie', 110),
(463, 1, 'Iwate', 110),
(464, 1, 'Gumma', 110),
(465, 1, 'Shiga', 110),
(466, 1, 'Tokushima', 110),
(467, 1, 'Yamaguchi', 110),
(468, 1, 'Yamagata', 110),
(469, 1, 'Fukui', 110),
(470, 1, 'Ibaragi', 110),
(471, 1, 'Yamanashi', 110),
(472, 1, 'Saga', 110),
(473, 1, 'Shimane', 110),
(474, 1, 'Tottori', 110),
(475, 1, 'Sanaa', 235),
(476, 1, 'Aden', 235),
(477, 1, 'Taizz', 235),
(478, 1, 'Hodeida', 235),
(479, 1, 'Hadramawt', 235),
(480, 1, 'Ibb', 235),
(481, 1, 'Amman', 109),
(482, 1, 'al-Zarqa', 109),
(483, 1, 'Irbid', 109),
(484, 1, 'Central Serbia', 236),
(485, 1, 'Vojvodina', 236),
(486, 1, 'Kosovo and Metohija', 236),
(487, 1, 'Montenegro', 236),
(488, 1, 'Phnom Penh', 114),
(489, 1, 'Battambang', 114),
(490, 1, 'Siem Reap', 114),
(491, 1, 'Littoral', 44),
(492, 1, 'Centre', 44),
(493, 1, 'Nord', 44),
(494, 1, 'Extrême-Nord', 44),
(495, 1, 'Nord-Ouest', 44),
(496, 1, 'Ouest', 44),
(497, 1, 'Québec', 38),
(498, 1, 'Alberta', 38),
(499, 1, 'Ontario', 38),
(500, 1, 'Manitoba', 38),
(501, 1, 'British Colombia', 38),
(502, 1, 'Saskatchewan', 38),
(503, 1, 'Nova Scotia', 38),
(504, 1, 'Newfoundland', 38),
(505, 1, 'São Tiago', 50),
(506, 1, 'Almaty Qalasy', 111),
(507, 1, 'Qaraghandy', 111),
(508, 1, 'South Kazakstan', 111),
(509, 1, 'Taraz', 111),
(510, 1, 'Astana', 111),
(511, 1, 'East Kazakstan', 111),
(512, 1, 'Pavlodar', 111),
(513, 1, 'Aqtöbe', 111),
(514, 1, 'Qostanay', 111),
(515, 1, 'North Kazakstan', 111),
(516, 1, 'West Kazakstan', 111),
(517, 1, 'Qyzylorda', 111),
(518, 1, 'Mangghystau', 111),
(519, 1, 'Atyrau', 111),
(520, 1, 'Almaty', 111),
(521, 1, 'Nairobi', 112),
(522, 1, 'Coast', 112),
(523, 1, 'Nyanza', 112),
(524, 1, 'Rift Valley', 112),
(525, 1, 'Eastern', 112),
(526, 1, 'Central', 112),
(527, 1, 'Bangui', 37),
(528, 1, 'Shanghai', 42),
(529, 1, 'Peking', 42),
(530, 1, 'Chongqing', 42),
(531, 1, 'Tianjin', 42),
(532, 1, 'Hubei', 42),
(533, 1, 'Heilongjiang', 42),
(534, 1, 'Liaoning', 42),
(535, 1, 'Guangdong', 42),
(536, 1, 'Sichuan', 42),
(537, 1, 'Jiangsu', 42),
(538, 1, 'Jilin', 42),
(539, 1, 'Shaanxi', 42),
(540, 1, 'Shandong', 42),
(541, 1, 'Zhejiang', 42),
(542, 1, 'Henan', 42),
(543, 1, 'Hebei', 42),
(544, 1, 'Shanxi', 42),
(545, 1, 'Yunnan', 42),
(546, 1, 'Hunan', 42),
(547, 1, 'Jiangxi', 42),
(548, 1, 'Fujian', 42),
(549, 1, 'Gansu', 42),
(550, 1, 'Guizhou', 42),
(551, 1, 'Anhui', 42),
(552, 1, 'Xinxiang', 42),
(553, 1, 'Guangxi', 42),
(554, 1, 'Inner Mongolia', 42),
(555, 1, 'Qinghai', 42),
(556, 1, 'Ningxia', 42),
(557, 1, 'Hainan', 42),
(558, 1, 'Tibet', 42),
(559, 1, 'Bishkek shaary', 113),
(560, 1, 'Osh', 113),
(561, 1, 'South Tarawa', 115),
(562, 1, 'Santafé de Bogotá', 48),
(563, 1, 'Valle', 48),
(564, 1, 'Antioquia', 48),
(565, 1, 'Atlántico', 48),
(566, 1, 'Bolívar', 48),
(567, 1, 'Norte de Santander', 48),
(568, 1, 'Santander', 48),
(569, 1, 'Tolima', 48),
(570, 1, 'Risaralda', 48),
(571, 1, 'Magdalena', 48),
(572, 1, 'Caldas', 48),
(573, 1, 'Nariño', 48),
(574, 1, 'Huila', 48),
(575, 1, 'Quindío', 48),
(576, 1, 'Meta', 48),
(577, 1, 'Cundinamarca', 48),
(578, 1, 'Cesar', 48),
(579, 1, 'Córdoba', 48),
(580, 1, 'Sucre', 48),
(581, 1, 'Cauca', 48),
(582, 1, 'Boyacá', 48),
(583, 1, 'Caquetá', 48),
(584, 1, 'La Guajira', 48),
(585, 1, 'Njazidja', 49),
(586, 1, 'Brazzaville', 46),
(587, 1, 'Kouilou', 46),
(588, 1, 'Kinshasa', 45),
(589, 1, 'Shaba', 45),
(590, 1, 'East Kasai', 45),
(591, 1, 'Haute-Zaïre', 45),
(592, 1, 'West Kasai', 45),
(593, 1, 'South Kivu', 45),
(594, 1, 'Bandundu', 45),
(595, 1, 'Bas-Zaïre', 45),
(596, 1, 'Equateur', 45),
(597, 1, 'North Kivu', 45),
(598, 1, 'Home Island', 39),
(599, 1, 'West Island', 39),
(600, 1, 'Pyongyang-si', 174),
(601, 1, 'Hamgyong N', 174),
(602, 1, 'Hamgyong P', 174),
(603, 1, 'Nampo-si', 174),
(604, 1, 'Pyongan P', 174),
(605, 1, 'Kangwon', 174),
(606, 1, 'Pyongan N', 174),
(607, 1, 'Hwanghae P', 174),
(608, 1, 'Hwanghae N', 174),
(609, 1, 'Chagang', 174),
(610, 1, 'Yanggang', 174),
(611, 1, 'Kaesong-si', 174),
(612, 1, 'Seoul', 117),
(613, 1, 'Pusan', 117),
(614, 1, 'Inchon', 117),
(615, 1, 'Taegu', 117),
(616, 1, 'Taejon', 117),
(617, 1, 'Kwangju', 117),
(618, 1, 'Kyongsangnam', 117),
(619, 1, 'Kyonggi', 117),
(620, 1, 'Chollabuk', 117),
(621, 1, 'Chungchongbuk', 117),
(622, 1, 'Kyongsangbuk', 117),
(623, 1, 'Chungchongnam', 117),
(624, 1, 'Cheju', 117),
(625, 1, 'Chollanam', 117),
(626, 1, 'Kang-won', 117),
(627, 1, 'Attika', 86),
(628, 1, 'Central Macedonia', 86),
(629, 1, 'West Greece', 86),
(630, 1, 'Crete', 86),
(631, 1, 'Thessalia', 86),
(632, 1, 'Grad Zagreb', 96),
(633, 1, 'Split-Dalmatia', 96),
(634, 1, 'Primorje-Gorski Kota', 96),
(635, 1, 'Osijek-Baranja', 96),
(636, 1, 'La Habana', 52),
(637, 1, 'Santiago de Cuba', 52),
(638, 1, 'Camagüey', 52),
(639, 1, 'Holguín', 52),
(640, 1, 'Villa Clara', 52),
(641, 1, 'Guantánamo', 52),
(642, 1, 'Pinar del Río', 52),
(643, 1, 'Granma', 52),
(644, 1, 'Cienfuegos', 52),
(645, 1, 'Las Tunas', 52),
(646, 1, 'Matanzas', 52),
(647, 1, 'Sancti-Spíritus', 52),
(648, 1, 'Ciego de Ávila', 52),
(649, 1, 'Hawalli', 118),
(650, 1, 'al-Asima', 118),
(651, 1, 'Nicosia', 55),
(652, 1, 'Limassol', 55),
(653, 1, 'Viangchan', 119),
(654, 1, 'Savannakhet', 119),
(655, 1, 'Riika', 129),
(656, 1, 'Daugavpils', 129),
(657, 1, 'Liepaja', 129),
(658, 1, 'Maseru', 126),
(659, 1, 'Beirut', 120),
(660, 1, 'al-Shamal', 120),
(661, 1, 'Montserrado', 121),
(662, 1, 'Tripoli', 122),
(663, 1, 'Bengasi', 122),
(664, 1, 'Misrata', 122),
(665, 1, 'al-Zawiya', 122),
(666, 1, 'Schaan', 124),
(667, 1, 'Vaduz', 124),
(668, 1, 'Vilna', 127),
(669, 1, 'Kaunas', 127),
(670, 1, 'Klaipeda', 127),
(671, 1, 'Šiauliai', 127),
(672, 1, 'Panevezys', 127),
(673, 1, 'Luxembourg', 128),
(674, 1, 'El-Aaiún', 66),
(675, 1, 'Macau', 130),
(676, 1, 'Antananarivo', 134),
(677, 1, 'Toamasina', 134),
(678, 1, 'Mahajanga', 134),
(679, 1, 'Fianarantsoa', 134),
(680, 1, 'Skopje', 138),
(681, 1, 'Blantyre', 149),
(682, 1, 'Lilongwe', 149),
(683, 1, 'Maale', 135),
(684, 1, 'Wilayah Persekutuan', 150),
(685, 1, 'Perak', 150),
(686, 1, 'Johor', 150),
(687, 1, 'Selangor', 150),
(688, 1, 'Terengganu', 150),
(689, 1, 'Pulau Pinang', 150),
(690, 1, 'Kelantan', 150),
(691, 1, 'Pahang', 150),
(692, 1, 'Negeri Sembilan', 150),
(693, 1, 'Sarawak', 150),
(694, 1, 'Sabah', 150),
(695, 1, 'Kedah', 150),
(696, 1, 'Bamako', 139),
(697, 1, 'Outer Harbour', 140),
(698, 1, 'Inner Harbour', 140),
(699, 1, 'Casablanca', 131),
(700, 1, 'Rabat-Salé-Zammour-Z', 131),
(701, 1, 'Marrakech-Tensift-Al', 131),
(702, 1, 'Fès-Boulemane', 131),
(703, 1, 'Tanger-Tétouan', 131),
(704, 1, 'Meknès-Tafilalet', 131),
(705, 1, 'Oriental', 131),
(706, 1, 'Gharb-Chrarda-Béni H', 131),
(707, 1, 'Doukkala-Abda', 131),
(708, 1, 'Souss Massa-Draâ', 131),
(709, 1, 'Chaouia-Ouardigha', 131),
(710, 1, 'Tadla-Azilal', 131),
(711, 1, 'Taza-Al Hoceima-Taou', 131),
(712, 1, 'Majuro', 137),
(713, 1, 'Fort-de-France', 147),
(714, 1, 'Nouakchott', 145),
(715, 1, 'Dakhlet Nouâdhibou', 145),
(716, 1, 'Port-Louis', 148),
(717, 1, 'Plaines Wilhelms', 148),
(718, 1, 'Mamoutzou', 151),
(719, 1, 'Distrito Federal', 136),
(720, 1, 'Jalisco', 136),
(721, 1, 'México', 136),
(722, 1, 'Puebla', 136),
(723, 1, 'Chihuahua', 136),
(724, 1, 'Baja California', 136),
(725, 1, 'Guanajuato', 136),
(726, 1, 'Nuevo León', 136),
(727, 1, 'Sinaloa', 136),
(728, 1, 'Guerrero', 136),
(729, 1, 'Yucatán', 136),
(730, 1, 'San Luis Potosí', 136),
(731, 1, 'Aguascalientes', 136),
(732, 1, 'Querétaro de Arteaga', 136),
(733, 1, 'Michoacán de Ocampo', 136),
(734, 1, 'Sonora', 136),
(735, 1, 'Coahuila de Zaragoza', 136),
(736, 1, 'Tabasco', 136),
(737, 1, 'Durango', 136),
(738, 1, 'Veracruz', 136),
(739, 1, 'Chiapas', 136),
(740, 1, 'Tamaulipas', 136),
(741, 1, 'Quintana Roo', 136),
(742, 1, 'Morelos', 136),
(743, 1, 'Nayarit', 136),
(744, 1, 'Oaxaca', 136),
(745, 1, 'Hidalgo', 136),
(746, 1, 'Campeche', 136),
(747, 1, 'Baja California Sur', 136),
(748, 1, 'Zacatecas', 136),
(749, 1, 'Querétaro', 136),
(750, 1, 'Veracruz-Llave', 136),
(751, 1, 'Colima', 136),
(752, 1, 'Chuuk', 75),
(753, 1, 'Pohnpei', 75),
(754, 1, 'Chisinau', 133),
(755, 1, 'Dnjestria', 133),
(756, 1, 'Balti', 133),
(757, 1, 'Bender (Tîghina)', 133),
(758, 1, 'Ulaanbaatar', 142),
(759, 1, 'Plymouth', 146),
(760, 1, 'Maputo', 144),
(761, 1, 'Sofala', 144),
(762, 1, 'Nampula', 144),
(763, 1, 'Manica', 144),
(764, 1, 'Zambézia', 144),
(765, 1, 'Tete', 144),
(766, 1, 'Gaza', 144),
(767, 1, 'Inhambane', 144),
(768, 1, 'Rangoon [Yangon]', 141),
(769, 1, 'Mandalay', 141),
(770, 1, 'Mon', 141),
(771, 1, 'Pegu [Bago]', 141),
(772, 1, 'Irrawaddy [Ayeyarwad', 141),
(773, 1, 'Sagaing', 141),
(774, 1, 'Rakhine', 141),
(775, 1, 'Shan', 141),
(776, 1, 'Tenasserim [Tanintha', 141),
(777, 1, 'Magwe [Magway]', 141),
(778, 1, 'Khomas', 152),
(779, 1, 'Central', 161),
(780, 1, 'Eastern', 161),
(781, 1, 'Western', 161),
(782, 1, 'Managua', 157),
(783, 1, 'León', 157),
(784, 1, 'Chinandega', 157),
(785, 1, 'Masaya', 157),
(786, 1, 'Niamey', 154),
(787, 1, 'Zinder', 154),
(788, 1, 'Maradi', 154),
(789, 1, 'Lagos', 156),
(790, 1, 'Oyo & Osun', 156),
(791, 1, 'Kano & Jigawa', 156),
(792, 1, 'Kwara & Kogi', 156),
(793, 1, 'Ogun', 156),
(794, 1, 'Rivers & Bayelsa', 156),
(795, 1, 'Kaduna', 156),
(796, 1, 'Anambra & Enugu & Eb', 156),
(797, 1, 'Ondo & Ekiti', 156),
(798, 1, 'Federal Capital Dist', 156),
(799, 1, 'Borno & Yobe', 156),
(800, 1, 'Imo & Abia', 156),
(801, 1, 'Edo & Delta', 156),
(802, 1, 'Katsina', 156),
(803, 1, 'Plateau & Nassarawa', 156),
(804, 1, 'Sokoto & Kebbi & Zam', 156),
(805, 1, 'Cross River', 156),
(806, 1, 'Bauchi & Gombe', 156),
(807, 1, 'Niger', 156),
(808, 1, 'Benue', 156),
(809, 1, 'Oslo', 160),
(810, 1, 'Hordaland', 160),
(811, 1, 'Sør-Trøndelag', 160),
(812, 1, 'Rogaland', 160),
(813, 1, 'Akershus', 160),
(814, 1, 'Abidjan', 43),
(815, 1, 'Bouaké', 43),
(816, 1, 'Yamoussoukro', 43),
(817, 1, 'Daloa', 43),
(818, 1, 'Korhogo', 43),
(819, 1, 'Masqat', 164),
(820, 1, 'Zufar', 164),
(821, 1, 'al-Batina', 164),
(822, 1, 'Sindh', 165),
(823, 1, 'Punjab', 165),
(824, 1, 'Nothwest Border Prov', 165),
(825, 1, 'Baluchistan', 165),
(826, 1, 'Islamabad', 165),
(827, 1, 'Sind', 165),
(828, 1, 'Koror', 170),
(829, 1, 'Panamá', 166),
(830, 1, 'San Miguelito', 166),
(831, 1, 'National Capital Dis', 171),
(832, 1, 'Asunción', 176),
(833, 1, 'Alto Paraná', 176),
(834, 1, 'Central', 176),
(835, 1, 'Lima', 168),
(836, 1, 'Arequipa', 168),
(837, 1, 'La Libertad', 168),
(838, 1, 'Lambayeque', 168),
(839, 1, 'Callao', 168),
(840, 1, 'Loreto', 168),
(841, 1, 'Ancash', 168),
(842, 1, 'Junín', 168),
(843, 1, 'Piura', 168),
(844, 1, 'Cusco', 168),
(845, 1, 'Ucayali', 168),
(846, 1, 'Tacna', 168),
(847, 1, 'Ica', 168),
(848, 1, 'Puno', 168),
(849, 1, 'Huanuco', 168),
(850, 1, 'Ayacucho', 168),
(851, 1, 'Cajamarca', 168),
(852, 1, 'Saipan', 143),
(853, 1, 'Lisboa', 175),
(854, 1, 'Porto', 175),
(855, 1, 'Coímbra', 175),
(856, 1, 'Braga', 175),
(857, 1, 'San Juan', 173),
(858, 1, 'Bayamón', 173),
(859, 1, 'Ponce', 173),
(860, 1, 'Carolina', 173),
(861, 1, 'Caguas', 173),
(862, 1, 'Arecibo', 173),
(863, 1, 'Guaynabo', 173),
(864, 1, 'Mayagüez', 173),
(865, 1, 'Toa Baja', 173),
(866, 1, 'Mazowieckie', 172),
(867, 1, 'Lodzkie', 172),
(868, 1, 'Malopolskie', 172),
(869, 1, 'Dolnoslaskie', 172),
(870, 1, 'Wielkopolskie', 172),
(871, 1, 'Pomorskie', 172),
(872, 1, 'Zachodnio-Pomorskie', 172),
(873, 1, 'Kujawsko-Pomorskie', 172),
(874, 1, 'Lubelskie', 172),
(875, 1, 'Slaskie', 172),
(876, 1, 'Podlaskie', 172),
(877, 1, 'Swietokrzyskie', 172),
(878, 1, 'Warminsko-Mazurskie', 172),
(879, 1, 'Podkarpackie', 172),
(880, 1, 'Opolskie', 172),
(881, 1, 'Lubuskie', 172),
(882, 1, 'Bioko', 85),
(883, 1, 'Doha', 179),
(884, 1, 'Île-de-France', 73),
(885, 1, 'Provence-Alpes-Côte', 73),
(886, 1, 'Rhône-Alpes', 73),
(887, 1, 'Midi-Pyrénées', 73),
(888, 1, 'Pays de la Loire', 73),
(889, 1, 'Alsace', 73),
(890, 1, 'Languedoc-Roussillon', 73),
(891, 1, 'Aquitaine', 73),
(892, 1, 'Haute-Normandie', 73),
(893, 1, 'Champagne-Ardenne', 73),
(894, 1, 'Nord-Pas-de-Calais', 73),
(895, 1, 'Bretagne', 73),
(896, 1, 'Bourgogne', 73),
(897, 1, 'Auvergne', 73),
(898, 1, 'Picardie', 73),
(899, 1, 'Limousin', 73),
(900, 1, 'Centre', 73),
(901, 1, 'Lorraine', 73),
(902, 1, 'Franche-Comté', 73),
(903, 1, 'Basse-Normandie', 73),
(904, 1, 'Cayenne', 90),
(905, 1, 'Tahiti', 178),
(906, 1, 'Saint-Denis', 180),
(907, 1, 'Bukarest', 181),
(908, 1, 'Iasi', 181),
(909, 1, 'Constanta', 181),
(910, 1, 'Cluj', 181),
(911, 1, 'Galati', 181),
(912, 1, 'Timis', 181),
(913, 1, 'Brasov', 181),
(914, 1, 'Dolj', 181),
(915, 1, 'Prahova', 181),
(916, 1, 'Braila', 181),
(917, 1, 'Bihor', 181),
(918, 1, 'Bacau', 181),
(919, 1, 'Arges', 181),
(920, 1, 'Arad', 181),
(921, 1, 'Sibiu', 181),
(922, 1, 'Mures', 181),
(923, 1, 'Maramures', 181),
(924, 1, 'Buzau', 181),
(925, 1, 'Satu Mare', 181),
(926, 1, 'Botosani', 181),
(927, 1, 'Neamt', 181),
(928, 1, 'Vâlcea', 181),
(929, 1, 'Suceava', 181),
(930, 1, 'Mehedinti', 181),
(931, 1, 'Dâmbovita', 181),
(932, 1, 'Vrancea', 181),
(933, 1, 'Gorj', 181),
(934, 1, 'Tulcea', 181),
(935, 1, 'Caras-Severin', 181),
(936, 1, 'Kigali', 183),
(937, 1, 'Lisboa', 201),
(938, 1, 'West Götanmaan län', 201),
(939, 1, 'Skåne län', 201),
(940, 1, 'Uppsala län', 201),
(941, 1, 'East Götanmaan län', 201),
(942, 1, 'Västmanlands län', 201),
(943, 1, 'Örebros län', 201),
(944, 1, 'Jönköpings län', 201),
(945, 1, 'Västerbottens län', 201),
(946, 1, 'Västernorrlands län', 201),
(947, 1, 'Gävleborgs län', 201),
(948, 1, 'Saint Helena', 189),
(949, 1, 'St George Basseterre', 116),
(950, 1, 'Castries', 123),
(951, 1, 'St George', 227),
(952, 1, 'Saint-Pierre', 196),
(953, 1, 'Berliini', 57),
(954, 1, 'Hamburg', 57),
(955, 1, 'Baijeri', 57),
(956, 1, 'Nordrhein-Westfalen', 57),
(957, 1, 'Hessen', 57),
(958, 1, 'Baden-Württemberg', 57),
(959, 1, 'Bremen', 57),
(960, 1, 'Niedersachsen', 57),
(961, 1, 'Saksi', 57),
(962, 1, 'Anhalt Sachsen', 57),
(963, 1, 'Schleswig-Holstein', 57),
(964, 1, 'Mecklenburg-Vorpomme', 57),
(965, 1, 'Thüringen', 57),
(966, 1, 'Saarland', 57),
(967, 1, 'Rheinland-Pfalz', 57),
(968, 1, 'Brandenburg', 57),
(969, 1, 'Honiara', 191),
(970, 1, 'Lusaka', 238),
(971, 1, 'Copperbelt', 238),
(972, 1, 'Central', 238),
(973, 1, 'Upolu', 234),
(974, 1, 'Serravalle/Dogano', 194),
(975, 1, 'San Marino', 194),
(976, 1, 'Aqua Grande', 197),
(977, 1, 'Riyadh', 184),
(978, 1, 'Mekka', 184),
(979, 1, 'Medina', 184),
(980, 1, 'al-Sharqiya', 184),
(981, 1, 'Tabuk', 184),
(982, 1, 'al-Qasim', 184),
(983, 1, 'Asir', 184),
(984, 1, 'Hail', 184),
(985, 1, 'Riad', 184),
(986, 1, 'al-Khudud al-Samaliy', 184),
(987, 1, 'Qasim', 184),
(988, 1, 'Najran', 184),
(989, 1, 'Cap-Vert', 186),
(990, 1, 'Thiès', 186),
(991, 1, 'Kaolack', 186),
(992, 1, 'Ziguinchor', 186),
(993, 1, 'Saint-Louis', 186),
(994, 1, 'Diourbel', 186),
(995, 1, 'Mahé', 203),
(996, 1, 'Western', 192),
(997, 1, 'Bratislava', 199),
(998, 1, 'Východné Slovensko', 199),
(999, 1, 'Osrednjeslovenska', 200),
(1000, 1, 'Podravska', 200),
(1001, 1, 'Banaadir', 195),
(1002, 1, 'Woqooyi Galbeed', 195),
(1003, 1, 'Jubbada Hoose', 195),
(1004, 1, 'Western', 125),
(1005, 1, 'Northern', 125),
(1006, 1, 'Central', 125),
(1007, 1, 'Khartum', 185),
(1008, 1, 'al-Bahr al-Ahmar', 185),
(1009, 1, 'Kassala', 185),
(1010, 1, 'Kurdufan al-Shamaliy', 185),
(1011, 1, 'Darfur al-Janubiya', 185),
(1012, 1, 'al-Jazira', 185),
(1013, 1, 'al-Qadarif', 185),
(1014, 1, 'al-Bahr al-Abyad', 185),
(1015, 1, 'Darfur al-Shamaliya', 185),
(1016, 1, 'Bahr al-Jabal', 185),
(1017, 1, 'Newmaa', 70),
(1018, 1, 'Pirkanmaa', 70),
(1019, 1, 'Varsinais-Suomi', 70),
(1020, 1, 'Pohjois-Pohjanmaa', 70),
(1021, 1, 'Päijät-Häme', 70),
(1022, 1, 'Paramaribo', 198),
(1023, 1, 'Hhohho', 202),
(1024, 1, 'Zürich', 40),
(1025, 1, 'Geneve', 40),
(1026, 1, 'Basel-Stadt', 40),
(1027, 1, 'Bern', 40),
(1028, 1, 'Vaud', 40),
(1029, 1, 'Damascus', 204),
(1030, 1, 'Aleppo', 204),
(1031, 1, 'Hims', 204),
(1032, 1, 'Hama', 204),
(1033, 1, 'Latakia', 204),
(1034, 1, 'al-Hasaka', 204),
(1035, 1, 'Dayr al-Zawr', 204),
(1036, 1, 'Damaskos', 204),
(1037, 1, 'al-Raqqa', 204),
(1038, 1, 'Idlib', 204),
(1039, 1, 'Karotegin', 209),
(1040, 1, 'Khujand', 209),
(1041, 1, 'Taipei', 218),
(1042, 1, 'Kaohsiung', 218),
(1043, 1, 'Taichung', 218),
(1044, 1, 'Tainan', 218),
(1045, 1, 'Keelung', 218),
(1046, 1, 'Hsinchu', 218),
(1047, 1, 'Taoyuan', 218),
(1048, 1, 'Chiayi', 218),
(1049, 1, 'Changhwa', 218),
(1050, 1, 'Pingtung', 218),
(1051, 1, 'Taitung', 218),
(1052, 1, 'Hualien', 218),
(1053, 1, 'Nantou', 218),
(1054, 1, 'Yünlin', 218),
(1055, 1, 'Ilan', 218),
(1056, 1, 'Miaoli', 218),
(1057, 1, 'Dar es Salaam', 219),
(1058, 1, 'Dodoma', 219),
(1059, 1, 'Mwanza', 219),
(1060, 1, 'Zanzibar West', 219),
(1061, 1, 'Tanga', 219),
(1062, 1, 'Mbeya', 219),
(1063, 1, 'Morogoro', 219),
(1064, 1, 'Arusha', 219),
(1065, 1, 'Kilimanjaro', 219),
(1066, 1, 'Tabora', 219),
(1067, 1, 'København', 60),
(1068, 1, 'Århus', 60),
(1069, 1, 'Fyn', 60),
(1070, 1, 'Nordjylland', 60),
(1071, 1, 'Frederiksberg', 60),
(1072, 1, 'Bangkok', 208),
(1073, 1, 'Nonthaburi', 208),
(1074, 1, 'Nakhon Ratchasima', 208),
(1075, 1, 'Chiang Mai', 208),
(1076, 1, 'Udon Thani', 208),
(1077, 1, 'Songkhla', 208),
(1078, 1, 'Khon Kaen', 208),
(1079, 1, 'Nakhon Sawan', 208),
(1080, 1, 'Ubon Ratchathani', 208),
(1081, 1, 'Nakhon Pathom', 208),
(1082, 1, 'Maritime', 207),
(1083, 1, 'Fakaofo', 210),
(1084, 1, 'Tongatapu', 213),
(1085, 1, 'Caroni', 214),
(1086, 1, 'Port-of-Spain', 214),
(1087, 1, 'Chari-Baguirmi', 206),
(1088, 1, 'Logone Occidental', 206),
(1089, 1, 'Hlavní mesto Praha', 56),
(1090, 1, 'Jizní Morava', 56),
(1091, 1, 'Severní Morava', 56),
(1092, 1, 'Zapadní Cechy', 56),
(1093, 1, 'Severní Cechy', 56),
(1094, 1, 'Jizní Cechy', 56),
(1095, 1, 'Východní Cechy', 56),
(1096, 1, 'Tunis', 215),
(1097, 1, 'Sfax', 215),
(1098, 1, 'Ariana', 215),
(1099, 1, 'Sousse', 215),
(1100, 1, 'Kairouan', 215),
(1101, 1, 'Biserta', 215),
(1102, 1, 'Gabès', 215),
(1103, 1, 'Istanbul', 216),
(1104, 1, 'Ankara', 216),
(1105, 1, 'Izmir', 216),
(1106, 1, 'Adana', 216),
(1107, 1, 'Bursa', 216),
(1108, 1, 'Gaziantep', 216),
(1109, 1, 'Konya', 216),
(1110, 1, 'Içel', 216),
(1111, 1, 'Antalya', 216),
(1112, 1, 'Diyarbakir', 216),
(1113, 1, 'Kayseri', 216),
(1114, 1, 'Eskisehir', 216),
(1115, 1, 'Sanliurfa', 216),
(1116, 1, 'Samsun', 216),
(1117, 1, 'Malatya', 216),
(1118, 1, 'Kocaeli', 216),
(1119, 1, 'Denizli', 216),
(1120, 1, 'Sivas', 216),
(1121, 1, 'Erzurum', 216),
(1122, 1, 'Kahramanmaras', 216),
(1123, 1, 'Elâzig', 216),
(1124, 1, 'Van', 216),
(1125, 1, 'Manisa', 216),
(1126, 1, 'Batman', 216),
(1127, 1, 'Balikesir', 216),
(1128, 1, 'Sakarya', 216),
(1129, 1, 'Hatay', 216),
(1130, 1, 'Osmaniye', 216),
(1131, 1, 'Çorum', 216),
(1132, 1, 'Kütahya', 216),
(1133, 1, 'Kirikkale', 216),
(1134, 1, 'Adiyaman', 216),
(1135, 1, 'Trabzon', 216),
(1136, 1, 'Ordu', 216),
(1137, 1, 'Aydin', 216),
(1138, 1, 'Usak', 216),
(1139, 1, 'Edirne', 216),
(1140, 1, 'Tekirdag', 216),
(1141, 1, 'Isparta', 216),
(1142, 1, 'Karabük', 216),
(1143, 1, 'Kilis', 216),
(1144, 1, 'Mardin', 216),
(1145, 1, 'Zonguldak', 216),
(1146, 1, 'Siirt', 216),
(1147, 1, 'Karaman', 216),
(1148, 1, 'Afyon', 216),
(1149, 1, 'Aksaray', 216),
(1150, 1, 'Erzincan', 216),
(1151, 1, 'Tokat', 216),
(1152, 1, 'Kars', 216),
(1153, 1, 'Ahal', 211),
(1154, 1, 'Lebap', 211),
(1155, 1, 'Dashhowuz', 211),
(1156, 1, 'Mary', 211),
(1157, 1, 'Grand Turk', 205),
(1158, 1, 'Funafuti', 217),
(1159, 1, 'Central', 220),
(1160, 1, 'Kiova', 221),
(1161, 1, 'Harkova', 221),
(1162, 1, 'Dnipropetrovsk', 221),
(1163, 1, 'Donetsk', 221),
(1164, 1, 'Odesa', 221),
(1165, 1, 'Zaporizzja', 221),
(1166, 1, 'Lviv', 221),
(1167, 1, 'Mykolajiv', 221),
(1168, 1, 'Lugansk', 221),
(1169, 1, 'Vinnytsja', 221),
(1170, 1, 'Herson', 221),
(1171, 1, 'Krim', 221),
(1172, 1, 'Pultava', 221),
(1173, 1, 'Tšernigiv', 221),
(1174, 1, 'Tšerkasy', 221),
(1175, 1, 'Zytomyr', 221),
(1176, 1, 'Sumy', 221),
(1177, 1, 'Kirovograd', 221),
(1178, 1, 'Hmelnytskyi', 221),
(1179, 1, 'Tšernivtsi', 221),
(1180, 1, 'Rivne', 221),
(1181, 1, 'Ivano-Frankivsk', 221),
(1182, 1, 'Ternopil', 221),
(1183, 1, 'Volynia', 221),
(1184, 1, 'Taka-Karpatia', 221),
(1185, 1, 'Budapest', 98),
(1186, 1, 'Hajdú-Bihar', 98),
(1187, 1, 'Borsod-Abaúj-Zemplén', 98),
(1188, 1, 'Csongrád', 98),
(1189, 1, 'Baranya', 98),
(1190, 1, 'Györ-Moson-Sopron', 98),
(1191, 1, 'Szabolcs-Szatmár-Ber', 98),
(1192, 1, 'Bács-Kiskun', 98),
(1193, 1, 'Fejér', 98),
(1194, 1, 'Montevideo', 223),
(1195, 1, 'Auckland', 163),
(1196, 1, 'Canterbury', 163),
(1197, 1, 'Wellington', 163),
(1198, 1, 'Dunedin', 163),
(1199, 1, 'Hamilton', 163),
(1200, 1, 'Toskent Shahri', 225),
(1201, 1, 'Namangan', 225),
(1202, 1, 'Samarkand', 225),
(1203, 1, 'Andijon', 225),
(1204, 1, 'Buhoro', 225),
(1205, 1, 'Qashqadaryo', 225),
(1206, 1, 'Karakalpakistan', 225),
(1207, 1, 'Fargona', 225),
(1208, 1, 'Toskent', 225),
(1209, 1, 'Khorazm', 225),
(1210, 1, 'Cizah', 225),
(1211, 1, 'Navoi', 225),
(1212, 1, 'Surkhondaryo', 225),
(1213, 1, 'Horad Minsk', 27),
(1214, 1, 'Gomel', 27),
(1215, 1, 'Mogiljov', 27),
(1216, 1, 'Vitebsk', 27),
(1217, 1, 'Grodno', 27),
(1218, 1, 'Brest', 27),
(1219, 1, 'Minsk', 27),
(1220, 1, 'Wallis', 233),
(1221, 1, 'Shefa', 232),
(1222, 1, 'Distrito Federal', 228),
(1223, 1, 'Zulia', 228),
(1224, 1, 'Lara', 228),
(1225, 1, 'Carabobo', 228),
(1226, 1, 'Bolívar', 228),
(1227, 1, 'Miranda', 228),
(1228, 1, 'Aragua', 228),
(1229, 1, 'Anzoátegui', 228),
(1230, 1, 'Monagas', 228),
(1231, 1, 'Táchira', 228),
(1232, 1, 'Sucre', 228),
(1233, 1, 'Mérida', 228),
(1234, 1, 'Barinas', 228),
(1235, 1, 'Falcón', 228),
(1236, 1, 'Portuguesa', 228),
(1237, 1, 'Trujillo', 228),
(1238, 1, 'Guárico', 228),
(1239, 1, 'Apure', 228),
(1240, 1, 'Yaracuy', 228),
(1241, 1, 'Moscow (City)', 182),
(1242, 1, 'Pietari', 182),
(1243, 1, 'Novosibirsk', 182),
(1244, 1, 'Nizni Novgorod', 182),
(1245, 1, 'Sverdlovsk', 182),
(1246, 1, 'Samara', 182),
(1247, 1, 'Omsk', 182),
(1248, 1, 'Tatarstan', 182),
(1249, 1, 'Baškortostan', 182),
(1250, 1, 'Tšeljabinsk', 182),
(1251, 1, 'Rostov-na-Donu', 182),
(1252, 1, 'Perm', 182),
(1253, 1, 'Volgograd', 182),
(1254, 1, 'Voronez', 182),
(1255, 1, 'Krasnojarsk', 182),
(1256, 1, 'Saratov', 182),
(1257, 1, 'Uljanovsk', 182),
(1258, 1, 'Udmurtia', 182),
(1259, 1, 'Krasnodar', 182),
(1260, 1, 'Jaroslavl', 182),
(1261, 1, 'Habarovsk', 182),
(1262, 1, 'Primorje', 182),
(1263, 1, 'Irkutsk', 182),
(1264, 1, 'Altai', 182),
(1265, 1, 'Kemerovo', 182),
(1266, 1, 'Penza', 182),
(1267, 1, 'Rjazan', 182),
(1268, 1, 'Orenburg', 182),
(1269, 1, 'Lipetsk', 182),
(1270, 1, 'Tula', 182),
(1271, 1, 'Tjumen', 182),
(1272, 1, 'Astrahan', 182),
(1273, 1, 'Tomsk', 182),
(1274, 1, 'Kirov', 182),
(1275, 1, 'Ivanovo', 182),
(1276, 1, 'Tšuvassia', 182),
(1277, 1, 'Brjansk', 182),
(1278, 1, 'Tver', 182),
(1279, 1, 'Kursk', 182),
(1280, 1, 'Kaliningrad', 182),
(1281, 1, 'Murmansk', 182),
(1282, 1, 'Burjatia', 182),
(1283, 1, 'Kurgan', 182),
(1284, 1, 'Arkangeli', 182),
(1285, 1, 'Smolensk', 182),
(1286, 1, 'Orjol', 182),
(1287, 1, 'Stavropol', 182),
(1288, 1, 'Belgorod', 182),
(1289, 1, 'Kaluga', 182),
(1290, 1, 'Vladimir', 182),
(1291, 1, 'Dagestan', 182),
(1292, 1, 'Vologda', 182),
(1293, 1, 'Mordva', 182),
(1294, 1, 'Tambov', 182),
(1295, 1, 'North Ossetia-Alania', 182),
(1296, 1, 'Tšita', 182),
(1297, 1, 'Novgorod', 182),
(1298, 1, 'Kostroma', 182),
(1299, 1, 'Karjala', 182),
(1300, 1, 'Hanti-Mansia', 182),
(1301, 1, 'Marinmaa', 182),
(1302, 1, 'Kabardi-Balkaria', 182),
(1303, 1, 'Komi', 182),
(1304, 1, 'Amur', 182),
(1305, 1, 'Pihkova', 182),
(1306, 1, 'Saha (Jakutia)', 182),
(1307, 1, 'Moskova', 182),
(1308, 1, 'Kamtšatka', 182),
(1309, 1, 'Tšetšenia', 182),
(1310, 1, 'Sahalin', 182),
(1311, 1, 'Hakassia', 182),
(1312, 1, 'Adygea', 182),
(1313, 1, 'Karatšai-Tšerkessia', 182),
(1314, 1, 'Magadan', 182),
(1315, 1, 'Kalmykia', 182),
(1316, 1, 'Tyva', 182),
(1317, 1, 'Yamalin Nenetsia', 182),
(1318, 1, 'Ho Chi Minh City', 231),
(1319, 1, 'Hanoi', 231),
(1320, 1, 'Haiphong', 231),
(1321, 1, 'Quang Nam-Da Nang', 231),
(1322, 1, 'Dong Nai', 231),
(1323, 1, 'Khanh Hoa', 231),
(1324, 1, 'Thua Thien-Hue', 231),
(1325, 1, 'Can Tho', 231),
(1326, 1, 'Quang Binh', 231),
(1327, 1, 'Nam Ha', 231),
(1328, 1, 'Binh Dinh', 231),
(1329, 1, 'Ba Ria-Vung Tau', 231),
(1330, 1, 'Kien Giang', 231),
(1331, 1, 'An Giang', 231),
(1332, 1, 'Bac Thai', 231),
(1333, 1, 'Quang Ninh', 231),
(1334, 1, 'Binh Thuan', 231),
(1335, 1, 'Nghe An', 231),
(1336, 1, 'Tien Giang', 231),
(1337, 1, 'Lam Dong', 231),
(1338, 1, 'Dac Lac', 231),
(1339, 1, 'Harjumaa', 68),
(1340, 1, 'Tartumaa', 68),
(1341, 1, 'New York', 224),
(1342, 1, 'California', 224),
(1343, 1, 'Illinois', 224),
(1344, 1, 'Texas', 224),
(1345, 1, 'Pennsylvania', 224),
(1346, 1, 'Arizona', 224),
(1347, 1, 'Michigan', 224),
(1348, 1, 'Indiana', 224),
(1349, 1, 'Florida', 224),
(1350, 1, 'Ohio', 224),
(1351, 1, 'Maryland', 224),
(1352, 1, 'Tennessee', 224),
(1353, 1, 'Wisconsin', 224),
(1354, 1, 'Massachusetts', 224),
(1355, 1, 'District of Columbia', 224),
(1356, 1, 'Washington', 224),
(1357, 1, 'Colorado', 224),
(1358, 1, 'North Carolina', 224),
(1359, 1, 'Oregon', 224),
(1360, 1, 'Oklahoma', 224),
(1361, 1, 'Louisiana', 224),
(1362, 1, 'Nevada', 224),
(1363, 1, 'New Mexico', 224),
(1364, 1, 'Missouri', 224),
(1365, 1, 'Virginia', 224),
(1366, 1, 'Georgia', 224),
(1367, 1, 'Nebraska', 224),
(1368, 1, 'Minnesota', 224),
(1369, 1, 'Hawaii', 224),
(1370, 1, 'Kansas', 224),
(1371, 1, 'New Jersey', 224),
(1372, 1, 'Kentucky', 224),
(1373, 1, 'Alaska', 224),
(1374, 1, 'Alabama', 224),
(1375, 1, 'Iowa', 224),
(1376, 1, 'Idaho', 224),
(1377, 1, 'Mississippi', 224),
(1378, 1, 'Arkansas', 224),
(1379, 1, 'Utah', 224),
(1380, 1, 'Rhode Island', 224),
(1381, 1, 'Connecticut', 224),
(1382, 1, 'South Dakota', 224),
(1383, 1, 'South Carolina', 224),
(1384, 1, 'New Hampshire', 224),
(1385, 1, 'Montana', 224),
(1386, 1, 'St Thomas', 230),
(1387, 1, 'Harare', 239),
(1388, 1, 'Bulawayo', 239),
(1389, 1, 'Manicaland', 239),
(1390, 1, 'Midlands', 239),
(1391, 1, 'Gaza', 177),
(1392, 1, 'Khan Yunis', 177),
(1393, 1, 'Hebron', 177),
(1394, 1, 'North Gaza', 177),
(1395, 1, 'Nablus', 177),
(1396, 1, 'Rafah', 177);

-- --------------------------------------------------------

--
-- Estrutura da tabela `region`
--

CREATE TABLE IF NOT EXISTS `region` (
`id` smallint(6) NOT NULL,
  `version` bigint(20) DEFAULT NULL,
  `name` varchar(32) NOT NULL
) ENGINE=InnoDB AUTO_INCREMENT=26 DEFAULT CHARSET=utf8;

--
-- Extraindo dados da tabela `region`
--

INSERT INTO `region` (`id`, `version`, `name`) VALUES
(1, 1, 'Caribbean'),
(2, 1, 'Southern and Central Asia'),
(3, 1, 'Central Africa'),
(4, 1, 'Southern Europe'),
(5, 1, 'Middle East'),
(6, 1, 'South America'),
(7, 1, 'Polynesia'),
(8, 1, 'Antarctica'),
(9, 1, 'Australia and New Zealand'),
(10, 1, 'Western Europe'),
(11, 1, 'Eastern Africa'),
(12, 1, 'Western Africa'),
(13, 1, 'Eastern Europe'),
(14, 1, 'Central America'),
(15, 1, 'North America'),
(16, 1, 'Southeast Asia'),
(17, 1, 'Southern Africa'),
(18, 1, 'Eastern Asia'),
(19, 1, 'Nordic Countries'),
(20, 1, 'Northern Africa'),
(21, 1, 'Baltic Countries'),
(22, 1, 'Melanesia'),
(23, 1, 'Micronesia'),
(24, 1, 'British Islands'),
(25, 1, 'Micronesia/Caribbean');

--
-- Indexes for dumped tables
--

--
-- Indexes for table `city`
--
ALTER TABLE `city`
 ADD PRIMARY KEY (`id`), ADD UNIQUE KEY `uq_city_name_dtct_country` (`name`,`district_id`,`country_id`), ADD KEY `fk_city_country` (`country_id`), ADD KEY `fk_city_district` (`district_id`);

--
-- Indexes for table `country`
--
ALTER TABLE `country`
 ADD PRIMARY KEY (`id`), ADD UNIQUE KEY `uq_country_iso_3166_one_2` (`iso_3166_one_2`), ADD UNIQUE KEY `uq_country_iso_3166_one_3` (`iso_3166_one_3`), ADD UNIQUE KEY `uq_country_iso_3166_int_name` (`international_name`), ADD UNIQUE KEY `uq_country_iso_3166_loc_name` (`local_name`), ADD KEY `ix_country_surface_area` (`surface_area`), ADD KEY `fk_country_region` (`region_id`);

--
-- Indexes for table `country_language`
--
ALTER TABLE `country_language`
 ADD PRIMARY KEY (`id`), ADD KEY `fk_country_lang_country` (`country_id`);

--
-- Indexes for table `district`
--
ALTER TABLE `district`
 ADD PRIMARY KEY (`id`), ADD UNIQUE KEY `uq_district_name_country` (`name`,`country_id`), ADD KEY `fk_district_country` (`country_id`);

--
-- Indexes for table `region`
--
ALTER TABLE `region`
 ADD PRIMARY KEY (`id`), ADD UNIQUE KEY `uq_region_name` (`name`);

--
-- AUTO_INCREMENT for dumped tables
--

--
-- AUTO_INCREMENT for table `city`
--
ALTER TABLE `city`
MODIFY `id` bigint(20) NOT NULL AUTO_INCREMENT;
--
-- AUTO_INCREMENT for table `country`
--
ALTER TABLE `country`
MODIFY `id` int(11) NOT NULL AUTO_INCREMENT,AUTO_INCREMENT=240;
--
-- AUTO_INCREMENT for table `country_language`
--
ALTER TABLE `country_language`
MODIFY `id` int(11) NOT NULL AUTO_INCREMENT;
--
-- AUTO_INCREMENT for table `district`
--
ALTER TABLE `district`
MODIFY `id` int(11) NOT NULL AUTO_INCREMENT,AUTO_INCREMENT=1397;
--
-- AUTO_INCREMENT for table `region`
--
ALTER TABLE `region`
MODIFY `id` smallint(6) NOT NULL AUTO_INCREMENT,AUTO_INCREMENT=26;
--
-- Constraints for dumped tables
--

--
-- Limitadores para a tabela `city`
--
ALTER TABLE `city`
ADD CONSTRAINT `fk_city_country` FOREIGN KEY (`country_id`) REFERENCES `country` (`id`),
ADD CONSTRAINT `fk_city_district` FOREIGN KEY (`district_id`) REFERENCES `district` (`id`);

--
-- Limitadores para a tabela `country`
--
ALTER TABLE `country`
ADD CONSTRAINT `fk_country_region` FOREIGN KEY (`region_id`) REFERENCES `region` (`id`);

--
-- Limitadores para a tabela `country_language`
--
ALTER TABLE `country_language`
ADD CONSTRAINT `fk_country_lang_country` FOREIGN KEY (`country_id`) REFERENCES `country` (`id`);

--
-- Limitadores para a tabela `district`
--
ALTER TABLE `district`
ADD CONSTRAINT `fk_district_country` FOREIGN KEY (`country_id`) REFERENCES `country` (`id`);

/*!40101 SET CHARACTER_SET_CLIENT=@OLD_CHARACTER_SET_CLIENT */;
/*!40101 SET CHARACTER_SET_RESULTS=@OLD_CHARACTER_SET_RESULTS */;
/*!40101 SET COLLATION_CONNECTION=@OLD_COLLATION_CONNECTION */;
